author_id,conversation_id,created_at,id,in_reply_to_user_id,like_count,quote_count,reply_count,retweet_count,text
88726211,1533583870129577985,2022-06-06T13:59:00.000Z,1533810690196226049,1529236824,0,0,0,0,"@Allan_barbsa @tomazfernandes_ @sseraphini @AluraOnline @guanabara Boa, Allan! Tirou muita onda! 😎
Sucesso pra você nessa nova jornada 💚🚀"
1566580880,1533810511669755906,2022-06-06T13:58:17.000Z,1533810511669755906,"",4,0,1,0,"Alura+ chegando pra animar a segunda de vocês! 😛

Esta semana, o @cviniciussdias vai mostrar qual a relação de Quality Assurance (QA) e Entrega Contínua e como isso pode ajudar vocês com os deploys! 😱

Vem conferir! 👇 https://t.co/feXwa7qUsD"
917191721041227776,1533803321357737985,2022-06-06T13:29:43.000Z,1533803321357737985,"",0,0,1,0,"Bom dia @AluraOnline, a velocidade de reprodução nos vídeos está se perdendo ( na transição de um vídeo para outro ) ao utilizar a reprodução automática. Plataforma Android e o app está na última versão disponível na loja do Google."
34083048,1533798777160613889,2022-06-06T13:11:39.000Z,1533798777160613889,"",6,0,0,0,"Na @AluraOnline :)
MUITA coisa pra quem tá iniciando lá, inclusive conteúdo gratuito no canal e também no canal do @guilhermecaelum.

Se quiser se matricular usando meu link, tem 10% de desconto: https://t.co/TvH3LNIG3v https://t.co/DjbL87LTYq"
3918721,1533789399749742592,2022-06-06T12:34:23.000Z,1533789399749742592,"",0,0,0,1,"RT @naruhodopodcast: A @aluraonline garante conhecimento com profundidade, para você se tornar um profissional em T - incluindo programação…"
767855215152422912,1533789315972612096,2022-06-06T12:34:04.000Z,1533789315972612096,"",2,0,0,1,"A @aluraonline garante conhecimento com profundidade, para você se tornar um profissional em T - incluindo programação, front-end, data science, devops, ux &amp; design, mobile, inovação &amp; gestão. #publi Aproveite o desconto para ouvintes Naruhodo: https://t.co/DMf8EQLSJS https://t.co/pLEqxvk7sl"
1529236824,1533583870129577985,2022-06-06T02:25:58.000Z,1533636283049951232,1346617110638825481,0,0,2,0,"@tomazfernandes_ @sseraphini Formado em ADM, trabalhava como consultor de sistemas de varejo.
Busquei ADS,e cursos livres na @AluraOnline ,@DevMedia  e @guanabara .
Hoje a empresa que q trabalho cedeu a oportunidade de trabalhar na área,mas ainda estou no processo de migração."
1421815220213796884,1533615160639758337,2022-06-06T01:02:02.000Z,1533615160639758337,"",0,0,0,1,"RT @Dougeocinema: Assinei o plano anual da @AluraOnline e amanhã irei oficialmente começar minha jornada como programador. 

Ansioso pelo q…"
1274529422272577540,1533615072295231488,2022-06-06T01:01:41.000Z,1533615072295231488,"",6,0,1,1,"Assinei o plano anual da @AluraOnline e amanhã irei oficialmente começar minha jornada como programador. 

Ansioso pelo que virá 🤓
#tecnologia #dev"
4894915804,1533486474473226245,2022-06-05T16:30:40.000Z,1533486474473226245,"",1,0,0,0,"louco como o verde foi de uma das cores que eu menos gostava para uma das minhas favoritas depois que eu comecei a trabalhar na escola de Data science da @AluraOnline 

Não tem cor mais lida que aquele verde abacate 💚"
1223001762396852224,1533455982570917888,2022-06-05T14:29:31.000Z,1533455982570917888,"",0,0,0,1,RT @code_magas: Mais um ano renovado na @AluraOnline! Vambora! https://t.co/wAdnXIxqNM
1533225164783198210,1533455921959124992,2022-06-05T14:29:16.000Z,1533455921959124992,"",0,0,0,1,Mais um ano renovado na @AluraOnline! Vambora! https://t.co/wAdnXIxqNM
19447156,1533443030237184001,2022-06-05T13:38:03.000Z,1533443030237184001,"",2,0,1,0,"A @AluraOnline atualizou o conteúdo do curso de Social Media e agora o vamos atualizar currículo, né? Eu havia me certificado no curso, bora certificar novamente."
888921014465421313,1532014756902625282,2022-06-05T06:19:12.000Z,1533332591184695296,1566580880,1,0,1,0,@AluraOnline @ArthurCesario2 Eu quero
1400221834428157955,1532575206828609547,2022-06-04T23:34:46.000Z,1533230812111446017,1566580880,2,0,0,0,"@AluraOnline Oi Alura, sua linda!
Obrigada por comentar aqui :)
É a namorada do @ryXandy, ele pode chamar vocês direto na DM? Diz que sim, por favor 🥰"
2206041386,1533204830344425474,2022-06-04T21:59:22.000Z,1533206805970558977,2206041386,2,0,0,0,@paulo_caelum @AluraOnline @vercel No final vai ser uma Github app mas a pessoa da opt in Pra começar a participar e isso da uma “ajuda” pra ela começar já fazendo do jeito certo e depois não ter que lembrar de fazer algo
2206041386,1533204830344425474,2022-06-04T21:58:45.000Z,1533206647471996930,14263050,9,0,1,0,@paulo_caelum Minha ideia: cria um botão na plataforma da @AluraOnline igual a @vercel faz pra criar um projeto a partir de um exemplo. Com isso vc instala seu bot e consegue ter uma rotina pra olhar os últimos commits que foram pra main. Da mais trabalho mas parece mais garantido
32378054,1532904027326976001,2022-06-04T01:56:14.000Z,1532904027326976001,1566580880,0,0,0,0,@AluraOnline  Gerando tweet para aula ;)
2422770884,1532898495929241602,2022-06-04T01:34:15.000Z,1532898495929241602,1467726470533754880,1,0,0,0,"@nextjs + @omariosouto + ☕ = 💙

Obrigado @AluraOnline e @omariosouto por este curso maravilhoso :3"
85974470,1532872793037094912,2022-06-03T23:52:07.000Z,1532872793037094912,"",0,0,0,2,"RT @AluraOnline: Você piscou e os lançamentos da semana chegaram 🤩

Vem conferir o melhor de HTML e CSS, React Native e 5 novos outros curs…"
130984971,1532839954321137664,2022-06-03T21:49:44.000Z,1532841991964442625,3343340511,1,0,2,0,"@lookinoutsidex Vê uns cursos da @AluraOnline , eles são muito bons e tem bastante reconhecimento de mercado. Se quiser algumas diquinhas eu fuço muito na internet sobre tecnologia, pq estou migrando pra produto"
3374408962,1532810165510098946,2022-06-03T19:43:16.000Z,1532810165510098946,"",0,0,0,2,"RT @AluraOnline: Você piscou e os lançamentos da semana chegaram 🤩

Vem conferir o melhor de HTML e CSS, React Native e 5 novos outros curs…"
1098095671,1532807313836359683,2022-06-03T19:31:56.000Z,1532807313836359683,"",0,0,0,0,Uhuuuuuu https://t.co/X0okJ8p64x
1566580880,1532806333946372096,2022-06-03T19:28:02.000Z,1532806333946372096,"",30,1,0,2,"Você piscou e os lançamentos da semana chegaram 🤩

Vem conferir o melhor de HTML e CSS, React Native e 5 novos outros cursos.

➡ Curtiu? Clica aqui pra escolher um: https://t.co/88Gl2aybGL https://t.co/x37K2Z0WAB"
1130541446363271168,1532575206828609547,2022-06-03T19:11:59.000Z,1532802291862065153,1400221834428157955,1,0,0,0,@naruteirarabuda @AluraOnline sem dúvidas!
1174834964413722624,1532490801787424777,2022-06-03T16:58:22.000Z,1532768667808763904,3363344337,1,0,0,0,"@camelouu Os cursos da @AluraOnline .

Principalmente os de PHP, o instrutor é massa demais (@cviniciussdias)"
57669085,1532575206828609547,2022-06-03T14:55:16.000Z,1532737689149218816,1400221834428157955,0,0,0,0,@naruteirarabuda @AluraOnline corre aqui um minutinho
71639568,1532490801787424777,2022-06-03T14:24:05.000Z,1532729841157648385,3363344337,0,0,0,0,@camelouu Eu recomendo a @AluraOnline
1528156459615272960,1532575206828609547,2022-06-03T08:54:48.000Z,1532646976210231297,1400221834428157955,2,0,0,0,@naruteirarabuda @AluraOnline
1229933201201733632,1532483679523590144,2022-06-03T00:26:04.000Z,1532518945151918080,1516570288347090954,0,0,0,0,"@hellojessicav @DolabelaComUmL @nathfinancas @AluraOnline Tô bem na dúvida, queria uma linha que proporcionasse uma colocação rápida no mercado de trabalho"
1516570288347090954,1532483679523590144,2022-06-03T00:13:04.000Z,1532515676404973569,1229933201201733632,0,0,1,0,"@ArturdePaula4 @DolabelaComUmL @nathfinancas @AluraOnline depende da área que vc quer seguir.. pesquisa primeiro sobre pra ver com qual vc se identifica mais. depois disso, só seguir a trilha do curso (web/front, backend, etc)"
1229933201201733632,1532483679523590144,2022-06-02T23:40:16.000Z,1532507421423329281,1022518359110365186,0,0,1,0,"@DolabelaComUmL @nathfinancas @AluraOnline Sendo uma pessoa totalmente leiga, qual dos cursos oferecidos é o melhor a se fazer?"
321435269,1532483679523590144,2022-06-02T23:00:02.000Z,1532497295064944670,321435269,1,0,0,0,"@EduardoF_O @gusjochem @nathfinancas @AluraOnline Alguns exemplos nas + diversas áreas&gt;
 Mulheres Agilistas, mulheres de produto, ladies that UX, UX para minas pretas, Cloud Girls, reprograma, Wo Maker Code, Programa Maria, Py Ladies.
Essas são comunidades femininas, no geral, que fazem um trabalho em grande parte voluntário 10"
1125785325534576642,1532496586709913617,2022-06-02T22:57:13.000Z,1532496586709913617,"",4,0,1,0,"Nada não só queria mostraé quê terminei meu curso 
@AluraOnline https://t.co/RZ2t62bEcu"
321435269,1532483679523590144,2022-06-02T22:53:29.000Z,1532495647127097345,59284138,5,0,1,0,"@EduardoF_O @gusjochem @nathfinancas @AluraOnline Eu concordo, 40k é mais caro que um MBA na FIAP.
A área tech é super abrangente e não é só desenvolvimento, tem processos, produtos/negócios. Realmente se educar nessas áreas não é barato e também não é um conteúdo “fácil”, mas acho que tem programas/comunidades + inclusivas"
1258585321618444288,1532495345799909383,2022-06-02T22:52:17.000Z,1532495345799909383,"",2,0,0,0,"#AprendiNaAlura 

Mais um curso finalizado na @AluraOnline 
Foram trabalhados ótimos conceitos.

https://t.co/LUbw6TY9is"
45029543,1532492526757765122,2022-06-02T22:41:05.000Z,1532492526757765122,1566580880,0,0,0,0,@AluraOnline dá uma olhada nesses comentários! https://t.co/dtmdwozaAi
59284138,1532483679523590144,2022-06-02T22:33:11.000Z,1532490538817048577,2830083597,37,0,1,0,"@gusjochem @nathfinancas De forma gratuita ou até mesmo de forma super acessível como o @AluraOnline . Melhor plataforma de cursos para iniciantes, professores excelentes que ensinam desde o básico. Indico as formações deles que dão um direcionamento do que estudar."
1022518359110365186,1532483679523590144,2022-06-02T22:29:23.000Z,1532489583983841302,916008599205359617,29,0,1,0,@nathfinancas Pague por mês e aprenda de tudo na sem divida pro resto da vida @AluraOnline
45700138,1532483679523590144,2022-06-02T22:23:41.000Z,1532488148965642245,916008599205359617,5,0,0,0,"@nathfinancas Po, Nath, aí não. 40 mil em um curso supervalorizado que já começa errado te prometendo salário que ela nem sabe se vai rolar. Foge disso, galera. Melhor fazer assinatura de uma @AluraOnline da vida ou buscar alternativas gratuitas do que torrar em um curso mais caro de graduação"
33372738,1532486926036795392,2022-06-02T22:18:50.000Z,1532486926036795392,"",0,0,0,4,"RT @AluraOnline: E você, está acompanhando a nossa websérie de memes do JS? 🤔

Se ainda não está, dá uma passadinha no nosso canal do youtu…"
32525348,1532485118509699076,2022-06-02T22:11:39.000Z,1532485118509699076,"",0,0,0,4,"RT @AluraOnline: E você, está acompanhando a nossa websérie de memes do JS? 🤔

Se ainda não está, dá uma passadinha no nosso canal do youtu…"
82350646,1532478188093333505,2022-06-02T21:44:06.000Z,1532478188093333505,"",0,0,0,1,"RT @AluraOnline: Esse artigo é pra quem ama UX/UI Design! 💙

Quem scrolla os sites por aí, nem imagina o pensamento e trabalho por trás de…"
82350646,1532477967305170964,2022-06-02T21:43:14.000Z,1532477967305170964,"",0,0,0,4,"RT @AluraOnline: E você, está acompanhando a nossa websérie de memes do JS? 🤔

Se ainda não está, dá uma passadinha no nosso canal do youtu…"
82350646,1532477760282714115,2022-06-02T21:42:24.000Z,1532477760282714115,"",0,0,0,1,"RT @AluraOnline: Estamos ao vivo falando sobre memes da bolha dev! 😛

➡ Vem com a gente: https://t.co/RNphYKhU1i https://t.co/XHKao2LQ86"
1293720862693232642,1532477186212519939,2022-06-02T21:41:21.000Z,1532477493315264536,1566580880,1,0,1,0,@AluraOnline tem ctz q o link é esse ai?
1566580880,1532477186212519939,2022-06-02T21:40:07.000Z,1532477186212519939,"",2,0,1,1,"Estamos ao vivo falando sobre memes da bolha dev! 😛

➡ Vem com a gente: https://t.co/RNphYKhU1i https://t.co/XHKao2LQ86"
38574415,1532469937800896536,2022-06-02T21:11:19.000Z,1532469937800896536,"",0,0,0,4,"RT @AluraOnline: E você, está acompanhando a nossa websérie de memes do JS? 🤔

Se ainda não está, dá uma passadinha no nosso canal do youtu…"
1174834964413722624,1532462856905670657,2022-06-02T20:43:11.000Z,1532462856905670657,"",0,0,0,1,RT @omariosouto: Daqui a pouco meu povo!!!!
114013724,1532395478784024577,2022-06-02T20:23:56.000Z,1532458011926708243,4890061977,0,0,0,0,@Cyytrus Eu já salvei um amigo meu também desses aproveitador. Indicando um curso da @udemy 40 reais ou uma assinatura da @AluraOnline na época 75.
2206041386,1532454306162655257,2022-06-02T20:09:12.000Z,1532454306162655257,"",8,0,0,1,Daqui a pouco meu povo!!!! https://t.co/29rWMFhHbJ
34991631,1532454020702412800,2022-06-02T20:08:04.000Z,1532454020702412800,"",1,0,0,0,vem genteeeeeeee é hoje https://t.co/RZmqRACqw1
1566580880,1532453342231904273,2022-06-02T20:05:23.000Z,1532453342231904273,"",15,2,1,4,"E você, está acompanhando a nossa websérie de memes do JS? 🤔

Se ainda não está, dá uma passadinha no nosso canal do youtube: https://t.co/EwARVt3oOC

E se você já está por dentro, hoje às 18:30 vai rolar uma live super legal sobre os memes da bolha. Bora participar? 🧵👇 https://t.co/cuwJd8V5m9"
3033134919,1532449206937567238,2022-06-02T19:48:57.000Z,1532449206937567238,1566580880,0,0,0,0,"@AluraOnline Ei psiu, me dá uma forcinha? Eu to procurando algum curso de vocês que seja de Xamarin, mas só to achando um antiguinho!A assinatura vence em agosto, passei por uns problemas de saúde e num vo poder renovar , por acaso tem algum curso de xamarin que seja mais novo?"
1566580880,1532444179481124865,2022-06-02T19:28:58.000Z,1532444179481124865,"",10,0,1,1,"Esse artigo é pra quem ama UX/UI Design! 💙

Quem scrolla os sites por aí, nem imagina o pensamento e trabalho por trás de cada funcionalidade, não é mesmo?

E é esse o tema do artigo de hoje. Bora conferir? 🧵👇 https://t.co/bZ63sll8N0"
1449222497610747908,1532405727670808576,2022-06-02T19:16:36.000Z,1532441067135680532,1566580880,0,0,0,0,@AluraOnline 😂😂😂😂😂😂
434059922,1532136413239582721,2022-06-02T18:23:49.000Z,1532427784395661315,797466618049822722,1,0,0,0,@L4lves @AluraOnline @cviniciussdias @omariosouto @vanessametonini https://t.co/iubZRUg5zv
1449222497610747908,1532405727670808576,2022-06-02T16:56:10.000Z,1532405727670808576,"",1,0,1,0,Só eu que acho esse barulhinho dos vídeos da @AluraOnline parecido com o da sessão da tarde?
78323081,1531816618057248775,2022-06-02T15:19:40.000Z,1532381442713477123,14263050,1,0,0,0,"@paulo_caelum @MGlauber95 @AluraOnline Mesmo aqui. Código aprendido em curso não deve ser privado. Plágio, já é outra história"
328850966,1532183198792294400,2022-06-02T14:54:36.000Z,1532375133851160579,117800394,1,0,0,0,"@v_njg @AluraOnline @dnlsilvestre ahhhh, que amor de tweet! muito obrigada 🥺💙"
117800394,1532183198792294400,2022-06-02T14:45:55.000Z,1532372949042356230,328850966,1,0,1,0,"@Gii_eduarda @AluraOnline @dnlsilvestre Foi citada no podcast #orgulho 💙
Feliz de quem tem a honra de te conhecer!"
328850966,1532183198792294400,2022-06-02T14:42:40.000Z,1532372130553380867,117800394,2,0,1,0,@v_njg @AluraOnline @dnlsilvestre me descobriram hahahah eu amo essas parcerias de milhões da firma 💙💙💙
797466618049822722,1532136413239582721,2022-06-02T14:17:51.000Z,1532365884358000641,43900459,2,0,0,0,"@vanessametonini @AluraOnline @flaviohalmeida @cviniciussdias @omariosouto Brigado, Vanessa! A jornada vai ser boa :D

Um dos cursos mais divertidos e legais que fiz foi aquele teu do Instrumento Midi com Js ^^"
242530707,1532363875311570945,2022-06-02T14:09:52.000Z,1532363875311570945,"",0,0,1,0,Alguém sabe qual a versão do Angular que ensinam na @AluraOnline ?
43900459,1532136413239582721,2022-06-02T13:49:51.000Z,1532358837017186307,797466618049822722,2,0,1,0,"@L4lves @AluraOnline @flaviohalmeida @cviniciussdias @omariosouto parabéns Lucas! Fruto do seu esforço, daqui pra frente é só coisa boa!"
76179037,1524769466957111296,2022-06-02T13:32:28.000Z,1532354461821280256,15876422,0,0,0,0,@gaveta @AORUS_Brasil @NVIDIAGeForceBR Podia rolar uma aula sobre essa vinheta heeeem @AluraOnline
1497176338708451333,1531816618057248775,2022-06-02T13:28:35.000Z,1532353487761186817,14263050,1,0,0,0,"@paulo_caelum @diogo_paschoal @AluraOnline Nada kkkk eu fiz piada também, mas depois que vi o todo, achei sacanagem!"
14263050,1531816618057248775,2022-06-02T13:23:48.000Z,1532352282397921281,1497176338708451333,2,0,2,0,@MGlauber95 @diogo_paschoal @AluraOnline mal cara! eu so descobri depois toda a tramoia atras. fiz piada sem investigar nada. my bad.
14271245,1532346689733988355,2022-06-02T13:01:35.000Z,1532346691545866242,14271245,18,0,0,0,"O caminho para Mark Cuban e seu Dallas Mavericks pode estar na @AluraOnline? Argumentamos que sim, mas o cupom de desconto é só pra você. Aqui bilionário não tem mordomia, não! 

https://t.co/H5g5TwBmye"
2206041386,1532342263002632193,2022-06-02T12:44:07.000Z,1532342295558868992,2206041386,4,0,0,0,@AluraOnline ❤️
1496827610713710597,1532068184463142913,2022-06-02T11:43:22.000Z,1532327009577226241,1566580880,0,0,0,0,@AluraOnline Se comentar e compartilhar ganha os 2 ?
1420794005651169280,1532322950715691008,2022-06-02T11:27:15.000Z,1532322950715691008,"",1,0,0,0,"A série Hipsters Ponto Tube foi produzida aqui na nossa casinha usando os estúdios da Alura + a nossa produção.

Fizemos desde a atualização da cenografia até edição e o resultado ficou muito legal!

👇👇👇 https://t.co/3yqU3ND2z5"
172616260,1532321288269733891,2022-06-02T11:20:38.000Z,1532321288269733891,"",20,1,0,0,"Para comemorar a 10ª temporada do #LikeaBoss, fizemos um happy hour especial nessa segunda com fundadores, investidores, entrevistas e convidados especias!

❤️@paulo_caelum 

Tks @AluraOnline , @vindi e @BrazilJournal https://t.co/UPRhccha2Y"
1336280517080211459,1532317952913063938,2022-06-02T11:07:23.000Z,1532317952913063938,1566580880,0,0,0,0,@AluraOnline https://t.co/BT37xr12Wn
1336280517080211459,1532317915097321478,2022-06-02T11:07:14.000Z,1532317915097321478,1566580880,0,0,0,0,@AluraOnline https://t.co/jucN8g8Qhb
1336280517080211459,1532317871233171456,2022-06-02T11:07:04.000Z,1532317871233171456,1566580880,0,0,0,0,@AluraOnline https://t.co/qd7ee79gNm
1241937874028822528,1532068184463142913,2022-06-02T10:35:34.000Z,1532309946531991552,1566580880,1,0,0,0,@AluraOnline Um setup seria uma boa ideia
1497176338708451333,1531816618057248775,2022-06-02T09:38:11.000Z,1532295502003376128,2458756223,0,0,0,0,"@werikandres @diogo_paschoal @paulo_caelum @AluraOnline Boa ideia cara... @paulo_caelum , pensa nessa ideia aí! Vender como assinatura."
1497176338708451333,1531816618057248775,2022-06-02T09:37:16.000Z,1532295274147811329,1497176338708451333,0,0,0,0,"@diogo_paschoal @paulo_caelum @AluraOnline O carinha criou um curso, e quando alguém tinha dúvida no curso dele, ele jogava no fórum da empresa, esperava alguém responder e respondia no curso dele.. ou seja, não aprendeu nada kkkk"
1497176338708451333,1531816618057248775,2022-06-02T09:36:31.000Z,1532295084816875521,78323081,1,0,2,0,@diogo_paschoal @paulo_caelum @AluraOnline Uma coisa é usar o código do altura para treinar e para enriquecer seu repositório com cases. Outra coisa é pegar o conteúdo do alura e criar cursos (exatamente iguais com os mesmos exemplos) e ganhar dinheiro em cima disso. Como se fosse um instrutor qualificado.
1437480432094830601,1532136413239582721,2022-06-02T03:04:13.000Z,1532196359238983680,797466618049822722,0,0,0,0,"@L4lves @Jarcon14 Muito legal, Lucas! Eu estou estudando frontend na @AluraOnline tbm: trabalho atualmente como funcional, mas o céu é o limite!
Abraços e boa jornada!"
117800394,1532183198792294400,2022-06-02T02:11:55.000Z,1532183198792294400,1566580880,3,0,2,0,"@AluraOnline o @dnlsilvestre  falou que você adora 🏀 #VidaLongaaoBolaPresa
#Gis2U @Gii_eduarda"
2458756223,1531816618057248775,2022-06-02T02:06:43.000Z,1532181888286220288,78323081,0,0,1,0,"@diogo_paschoal @paulo_caelum @AluraOnline Queria comprar a assinatura da Alura, infelizmente como e venda r nao assinatura, se eu comprasse limitaria demais meu cartão, e infelizmente n posso fazer isso."
1323378444269506560,1532068184463142913,2022-06-02T00:10:10.000Z,1532152557128273920,1566580880,1,0,0,0,@AluraOnline com Setup Gamer Completo eu faço deploy e resolvo os bugs com prazer hahaha
215374236,1532136413239582721,2022-06-02T00:07:45.000Z,1532151948123709443,797466618049822722,1,0,0,0,"@L4lves @AluraOnline @flaviohalmeida @omariosouto @vanessametonini Opa, fico feliz de ter ajudado de alguma forma.
🤩"
2206041386,1532136413239582721,2022-06-01T23:34:18.000Z,1532143530600288257,797466618049822722,1,0,0,0,@L4lves @AluraOnline @flaviohalmeida @cviniciussdias @vanessametonini Que bom que tá curtindo mano!!!! https://t.co/M1CyUf6qpE
2206041386,1532137688232603649,2022-06-01T23:11:05.000Z,1532137688232603649,"",0,0,0,1,"RT @L4lves: feliz em ter escolhido a @AluraOnline como fonte de recursos pra estudo. tive módulos incríveis com o @flaviohalmeida, com o @c…"
86219387,1532135663306477568,2022-06-01T23:08:57.000Z,1532137150669639687,14263050,8,0,0,0,@paulo_caelum Vc tá precisando fazer uns cursos de figma na @AluraOnline !!! Desculpa. 🥲
797466618049822722,1532136413239582721,2022-06-01T23:06:01.000Z,1532136415286411264,797466618049822722,65,0,6,1,"feliz em ter escolhido a @AluraOnline como fonte de recursos pra estudo. tive módulos incríveis com o @flaviohalmeida, com o @cviniciussdias , com o @omariosouto, com a @vanessametonini e muitos outros instrutores e instrutoras."
82350646,1532118027654860800,2022-06-01T21:52:57.000Z,1532118027654860800,"",0,0,0,2,"RT @AluraOnline: Como funciona a carreira de dados em tech? 🤔

Gui Silveira é o host deste #HipstersPontoTube e conversa com o tech lead Da…"
142683700,1532098728512856071,2022-06-01T20:36:16.000Z,1532098728512856071,"",0,0,0,1,RT @AluraOnline: @aaamenezes https://t.co/Y19qobGi95
1566580880,1531809605109567489,2022-06-01T20:24:16.000Z,1532095709381541890,142683700,1,0,0,1,@aaamenezes https://t.co/Y19qobGi95
1566580880,1532068184463142913,2022-06-01T20:21:31.000Z,1532095016612544516,1281378144096858114,0,0,0,0,"@vitormomberg Aí você zerou o jogo! Bom demais, Vitor 😎 https://t.co/lrXY7HxXrK"
462523107,1531822162419634176,2022-06-01T20:16:12.000Z,1532093679195889665,1503225625024290817,2,0,0,0,"@gsdesenvolvedor @AluraOnline @cviniciussdias Isso ae tá parecendo uma mistura com chamadas de biblioteca .NET/Sql Server, html, path e umas palavras aleatórias."
117800394,1532093233681006593,2022-06-01T20:14:26.000Z,1532093233681006593,"",0,0,0,2,"RT @AluraOnline: Como funciona a carreira de dados em tech? 🤔

Gui Silveira é o host deste #HipstersPontoTube e conversa com o tech lead Da…"
1281378144096858114,1532068184463142913,2022-06-01T20:11:56.000Z,1532092605466542081,1566580880,0,0,1,0,"@AluraOnline Com um setup gamer completo, pois estarei mais animado e consequentemente terei menos bugs no dia a dia, e o deploy pode ser até de segunda a sexta kkkkk
🤣😎"
1496827610713710597,1532085818843664385,2022-06-01T19:44:58.000Z,1532085818843664385,"",4,0,1,0,Projeto inspirado em Freeway feito em aula com o professor Guilherme Lima(Jogos ClassicosII) na plataforma @AluraOnline https://t.co/Avcm8z9S1b
2523358675,1532068184463142913,2022-06-01T19:28:42.000Z,1532081726197055490,1566580880,1,0,1,0,"@AluraOnline Deploy de Seg a quinta, com certeza 😝"
105051488,1532068184463142913,2022-06-01T19:22:01.000Z,1532080041357561856,1566580880,1,0,0,0,@AluraOnline uhum.
1388207483378966540,1532078740272201728,2022-06-01T19:16:50.000Z,1532078740272201728,1566580880,0,0,0,0,@AluraOnline confesso que tenho um crush no Mario Melo 😍😍
325823884,1532068184463142913,2022-06-01T19:13:41.000Z,1532077946483388417,1566580880,1,0,1,0,"@AluraOnline Para ter menos bugs no dia a dia, seu time deveria conseguir fazer deploys às sextas 😉

https://t.co/sHhuT6KOit"
1525343689308090371,1532068184463142913,2022-06-01T19:12:59.000Z,1532077768279674880,1566580880,0,0,0,0,"@AluraOnline setup gamer, sem bug sem trabalho"
870869294,1532077397285416960,2022-06-01T19:11:30.000Z,1532077397285416960,"",2,0,1,0,Hoje consegui finalizar um curso depois de um bom tempo sem conseguir estudar. Engenharia de requisitos da @AluraOnline. Recomendo para iniciantes. Agora vou focar em agilidade e gestão. Estudar um pouco todo dia.
1426510450896871425,1532068184463142913,2022-06-01T19:10:21.000Z,1532077106443603970,1566580880,0,0,0,0,"@AluraOnline Por menos cabelos brancos e mais cabelos. Por nossa sanidade metal e inteligência emocional. Para fins de semanas mais tranquilos, assim como os comerciais de margarina, sem sombra alguma de dúvida: Deploys só de segunda a quinta: 💙

Respondido? 😛"
1566580880,1532068184463142913,2022-06-01T18:57:59.000Z,1532073996182638592,573240807,1,0,0,0,@djacyfonseca A gente ficaria assim ó: https://t.co/7wgxUOyO1S
1566580880,1532068184463142913,2022-06-01T18:56:24.000Z,1532073594364526592,1364949073682391046,1,0,0,0,@Baroonsamedi_ https://t.co/MqE78jmTzk
33372738,1532068184463142913,2022-06-01T18:52:33.000Z,1532072626021027840,1566580880,1,0,1,0,@AluraOnline Deploys só de segunda a quinta: 💙 É bloqueio total do @OverflowStak
1364949073682391046,1532068184463142913,2022-06-01T18:45:51.000Z,1532070939046752256,1566580880,0,0,1,0,"@AluraOnline Deploys de seg a qui, o resto a gente conquista"
573240807,1532068184463142913,2022-06-01T18:45:30.000Z,1532070853411688448,1566580880,1,0,1,0,@AluraOnline 💙
105051488,1532068184463142913,2022-06-01T18:40:51.000Z,1532069681905156096,1566580880,2,0,1,0,@AluraOnline deploys só de segunda a quinta kkkkkkkk
1486205819402297348,1532068184463142913,2022-06-01T18:38:18.000Z,1532069040276942850,1566580880,0,0,0,0,"@AluraOnline Setup gamer completo. Mas gamer, gamer, placa 3090 pra cima....."
1566580880,1532057311342391296,2022-06-01T17:51:41.000Z,1532057311342391296,"",14,1,1,2,"Como funciona a carreira de dados em tech? 🤔

Gui Silveira é o host deste #HipstersPontoTube e conversa com o tech lead Davi Neves sobre as curiosidades da rotina do profissional de dados.

Ficou com curiosidade? 🧵👇 https://t.co/dnMVityg2B"
1174834964413722624,1532035710093598721,2022-06-01T16:25:51.000Z,1532035710093598721,"",0,0,0,2,"RT @gsdesenvolvedor: Os caras usando PHP em Stranger Things, fizeram @AluraOnline com o @cviniciussdias 💜 https://t.co/63hDtQxpZq"
1308827733246574601,1532014169402269697,2022-06-01T15:00:16.000Z,1532014169402269697,"",17,0,1,0,"Terminei o primeiro curso de Redis na @AluraOnline 

Foi bem maneiro entender sobre redis, como funciona, como setar chaves e também suas estruturas como hash, bits e também realizar algumas operações no redis :) 

#AprendiNaAlura https://t.co/TJX3WoswQ9"
142683700,1531809605109567489,2022-06-01T12:39:56.000Z,1531978856000798720,1566580880,1,0,1,0,@AluraOnline Vcs são demais 💙
33372738,1531975438297333762,2022-06-01T12:26:21.000Z,1531975438297333762,"",0,0,0,2,"RT @Weltonvaz: Desenvolvedor Back-end em Bolonha, Itália – Dev Sem Fronteiras  -&gt; https://t.co/ekUBzqA0Nt

Obs.: Obrigado @paulo_caelum @Al…"
117800394,1531973986048933906,2022-06-01T12:20:35.000Z,1531973986048933906,"",0,0,0,3,"RT @AluraOnline: Segundou com Alura+ sobre Android para vocês! 📲💥

Hoje, a @jeniblo_dev  apresenta uma ferramenta muito interessante do And…"
9084932,1531973013570207745,2022-06-01T12:16:43.000Z,1531973013570207745,"",2,0,1,0,Alguém aí tem um cupom de descontinho da @AluraOnline?
14263050,1531816618057248775,2022-06-01T11:36:50.000Z,1531962976374341632,78323081,31,0,0,0,@diogo_paschoal @AluraOnline Mais: adoramos que você poste seu código por aí hehehe. Marca a gente no github
14263050,1531962792638545922,2022-06-01T11:36:06.000Z,1531962792638545922,"",0,0,0,2,"RT @Weltonvaz: Desenvolvedor Back-end em Bolonha, Itália – Dev Sem Fronteiras  -&gt; https://t.co/ekUBzqA0Nt

Obs.: Obrigado @paulo_caelum @Al…"
33372738,1531956699342544896,2022-06-01T11:11:54.000Z,1531956699342544896,"",5,0,0,2,"Desenvolvedor Back-end em Bolonha, Itália – Dev Sem Fronteiras  -&gt; https://t.co/ekUBzqA0Nt

Obs.: Obrigado @paulo_caelum @AluraOnline @fabriciocarraro #devsemfronteirass"
1503225625024290817,1531822162419634176,2022-06-01T02:17:18.000Z,1531822162419634176,"",7,1,1,2,"Os caras usando PHP em Stranger Things, fizeram @AluraOnline com o @cviniciussdias 💜 https://t.co/63hDtQxpZq"
78323081,1531816618057248775,2022-06-01T01:55:16.000Z,1531816618057248775,"",24,0,3,0,"Já que o @paulo_caelum não pode fazer essa piada com a situação atual. Vocês já conhecem a @AluraOnline? Os cursos são fantásticos e o código que você produz é seu, tá? Só dizendo… 😬"
826923989368979458,1531815550367764480,2022-06-01T01:51:01.000Z,1531815550367764480,"",0,0,0,0,"fazendo esse projeto do @AluraOnline , lembri do @TodoDiaGatinhos https://t.co/MLVvgDyUjp"
767675409336897536,1531807961219203080,2022-06-01T01:20:52.000Z,1531807961219203080,"",0,0,0,1,RT @siljoevsan: Quais são meus próximos passos em Data Science? by @AluraOnline ~&gt; https://t.co/39IZdp3657 ~&gt; #DataScience #TI #TIC
26937869,1531807294857568257,2022-06-01T01:18:13.000Z,1531807294857568257,"",1,0,0,1,Quais são meus próximos passos em Data Science? by @AluraOnline ~&gt; https://t.co/39IZdp3657 ~&gt; #DataScience #TI #TIC
32525348,1531783751839141888,2022-05-31T23:44:40.000Z,1531783751839141888,"",0,0,0,4,"RT @AluraOnline: Chegamos ao quinto e último episódio da nossa websérie de memes do JS 😆

Neste episódio, nossos apresentadores trazem um t…"
900879724498518016,1531766216150360068,2022-05-31T22:34:59.000Z,1531766216150360068,"",0,0,0,4,"RT @AluraOnline: Chegamos ao quinto e último episódio da nossa websérie de memes do JS 😆

Neste episódio, nossos apresentadores trazem um t…"
82350646,1531749548795764746,2022-05-31T21:28:45.000Z,1531749548795764746,"",0,0,0,4,"RT @AluraOnline: Chegamos ao quinto e último episódio da nossa websérie de memes do JS 😆

Neste episódio, nossos apresentadores trazem um t…"
34991631,1531738983763427330,2022-05-31T20:46:46.000Z,1531738983763427330,"",0,0,0,4,"RT @AluraOnline: Chegamos ao quinto e último episódio da nossa websérie de memes do JS 😆

Neste episódio, nossos apresentadores trazem um t…"
1566580880,1531736188301737994,2022-05-31T20:35:40.000Z,1531736188301737994,"",8,0,1,4,"Chegamos ao quinto e último episódio da nossa websérie de memes do JS 😆

Neste episódio, nossos apresentadores trazem um tema polêmico: objetos. Aqui vamos entender a afirmação do título, pois não é comum em todas as linguagens e compreender também é um dos erros 🧵👇 https://t.co/TujQchsMZ9"
20844105,1531673005377585152,2022-05-31T16:24:36.000Z,1531673005377585152,"",0,0,0,3,"RT @h4ck3r_tr4d3r: Recebi da 
@AluraOnline
  3 dias para testar a plataforma gratuitamente. Senti firmeza.

👍
#bolhadev"
1514403883803680781,1531661241999138817,2022-05-31T15:37:51.000Z,1531661241999138817,"",0,0,0,3,"RT @h4ck3r_tr4d3r: Recebi da 
@AluraOnline
  3 dias para testar a plataforma gratuitamente. Senti firmeza.

👍
#bolhadev"
1421815220213796884,1531661099174662145,2022-05-31T15:37:17.000Z,1531661099174662145,"",0,0,0,3,"RT @h4ck3r_tr4d3r: Recebi da 
@AluraOnline
  3 dias para testar a plataforma gratuitamente. Senti firmeza.

👍
#bolhadev"
24693918,1531661077607587843,2022-05-31T15:37:12.000Z,1531661077607587843,"",1,0,0,3,"Recebi da 
@AluraOnline
  3 dias para testar a plataforma gratuitamente. Senti firmeza.

👍
#bolhadev"
1514403883803680781,1531638973201793027,2022-05-31T14:09:22.000Z,1531638973201793027,"",0,0,0,2,"RT @inaciofabricios: Estou estudando #GraphQL na @AluraOnline, alguém conhece  alguma empresa que use o #GraphQL nas aplicações? 
Achei a p…"
1421815220213796884,1531638779043360768,2022-05-31T14:08:36.000Z,1531638779043360768,"",0,0,0,2,"RT @inaciofabricios: Estou estudando #GraphQL na @AluraOnline, alguém conhece  alguma empresa que use o #GraphQL nas aplicações? 
Achei a p…"
796860720747020288,1531638757312671746,2022-05-31T14:08:30.000Z,1531638757312671746,"",0,0,0,2,"Estou estudando #GraphQL na @AluraOnline, alguém conhece  alguma empresa que use o #GraphQL nas aplicações? 
Achei a proposta do #GraphQL muito interessante.
#bolhadev"
1566580880,1531637264333393920,2022-05-31T14:02:34.000Z,1531637264333393920,"",4,0,1,0,"No https://t.co/ouNHpg5vRV desta semana, vamos mergulhar em um estudo de caso do @bancopan para entender como eles superaram alguns desafios envolvendo Cloud e Microsserviços. ☁🧩

Vem com a gente? 👇 https://t.co/DjKadoQThJ"
19669503,1531611976715075585,2022-05-31T12:22:05.000Z,1531611976715075585,1566580880,1,0,1,0,@AluraOnline tem desconto pra pagar à vista?
33372738,1531592071928332288,2022-05-31T11:03:00.000Z,1531592071928332288,"",0,0,0,0,"[Hipsters Ponto Tech] Case Banco PAN: Cloud e Microsserviços Hipsters Ponto Tech #306 #hipstersPontoTech 
https://t.co/DM9JcHqAAh via @PodcastAddict
Obs.: Obrigado @paulo_caelum @AluraOnline"
31534627,1531579065676832773,2022-05-31T10:11:19.000Z,1531579065676832773,"",0,0,0,0,#NowPlaying #PodCast @AluraOnline #HipstersPontoTech - Banco PAN https://t.co/lDUhfBLe29
158838572,1531380115615191040,2022-05-31T04:09:27.000Z,1531488001469161473,1122687548734738438,1,0,0,0,"@SoMatheusFurtad @gaveta @AluraOnline Explosões sim, fogo e labaredas não."
1192453090273824768,1531486712785936384,2022-05-31T04:04:20.000Z,1531486712785936384,"",0,0,0,3,"RT @AluraOnline: Segundou com Alura+ sobre Android para vocês! 📲💥

Hoje, a @jeniblo_dev  apresenta uma ferramenta muito interessante do And…"
1091360263125827584,1531389424482889729,2022-05-30T21:37:45.000Z,1531389424482889729,"",0,0,0,6,"RT @gaveta: Star Wars fisicamente correto é assim! Por isso que eu bato tanto na tecla da intenção, em qualquer tipo de edição audiovisual.…"
82350646,1531388984462565376,2022-05-30T21:36:00.000Z,1531388984462565376,"",0,0,0,3,"RT @AluraOnline: Segundou com Alura+ sobre Android para vocês! 📲💥

Hoje, a @jeniblo_dev  apresenta uma ferramenta muito interessante do And…"
625145246,1531380115615191040,2022-05-30T21:35:56.000Z,1531388969853886467,582170146,0,0,0,0,@lucasrdcosta1 @gaveta @AluraOnline Se é um curso de Star Wars eu quero!
3029463010,1531387418347290629,2022-05-30T21:29:46.000Z,1531387418347290629,"",0,0,0,6,"RT @gaveta: Star Wars fisicamente correto é assim! Por isso que eu bato tanto na tecla da intenção, em qualquer tipo de edição audiovisual.…"
485138620,1531380115615191040,2022-05-30T21:29:29.000Z,1531387345626402820,15876422,3,0,0,0,@gaveta @AluraOnline Alô Boizauuuuuuum
582170146,1531380115615191040,2022-05-30T21:25:01.000Z,1531386221456506887,15876422,1,0,1,0,@gaveta @AluraOnline @DTonietto
979691084711374848,1531384340508188672,2022-05-30T21:17:33.000Z,1531384340508188672,"",0,0,0,6,"RT @gaveta: Star Wars fisicamente correto é assim! Por isso que eu bato tanto na tecla da intenção, em qualquer tipo de edição audiovisual.…"
813380125807038465,1531380115615191040,2022-05-30T21:12:31.000Z,1531383074654765064,15876422,0,0,0,0,"@gaveta @AluraOnline E também \"nao tem som no VÁCUO\", no espaco tem muito lugar q nao é vácuo."
1349731153893154818,1531380115615191040,2022-05-30T21:07:11.000Z,1531381731282014209,15876422,2,0,0,0,"@gaveta @AluraOnline No espaço não tem som, pode ter trilha sonora pô"
49484959,1531381342222573569,2022-05-30T21:05:38.000Z,1531381342222573569,"",0,0,0,6,"RT @gaveta: Star Wars fisicamente correto é assim! Por isso que eu bato tanto na tecla da intenção, em qualquer tipo de edição audiovisual.…"
1081252654880309248,1531380611524567050,2022-05-30T21:02:44.000Z,1531380611524567050,"",0,0,0,6,"RT @gaveta: Star Wars fisicamente correto é assim! Por isso que eu bato tanto na tecla da intenção, em qualquer tipo de edição audiovisual.…"
1122687548734738438,1531380115615191040,2022-05-30T21:02:34.000Z,1531380569212436481,15876422,0,0,1,0,@gaveta @AluraOnline Além de não poder haver explosões
15876422,1531380115615191040,2022-05-30T21:00:45.000Z,1531380115615191040,"",131,1,5,6,"Star Wars fisicamente correto é assim! Por isso que eu bato tanto na tecla da intenção, em qualquer tipo de edição audiovisual.
E na @AluraOnline, eu tenho um curso completo não só sobre isso, mas sobre ritmo também!  #Publi

Desconto cheiroso:
https://t.co/7iQsIaMecR https://t.co/HgpTK2hwWe"
3918721,1531344397627011082,2022-05-30T18:38:50.000Z,1531344397627011082,"",0,0,0,1,RT @naruhodopodcast: Quer mergulhar em tecnologia e trilhar uma nova carreira? A @aluraonline é a maior escola online de tecnologia do Bras…
767855215152422912,1531344352840237057,2022-05-30T18:38:39.000Z,1531344352840237057,"",5,0,0,1,"Quer mergulhar em tecnologia e trilhar uma nova carreira? A @aluraonline é a maior escola online de tecnologia do Brasil, que ajuda você nessa jornada. #publi

Confira histórias reais e aproveite o desconto para ouvintes Naruhodo: https://t.co/iK7Z6eoM3e https://t.co/rzcIT2u7mk"
949128387104145415,1530640559970435080,2022-05-30T18:12:16.000Z,1531337712938131458,1566580880,1,0,0,0,@AluraOnline 😅🤓
1361256563713966082,1530247538279841792,2022-05-30T17:24:42.000Z,1531325743195738112,1566580880,0,0,0,0,@AluraOnline e a faculdade de voceeees???
19669503,1531239993888358402,2022-05-30T16:56:30.000Z,1531318648148721666,1566580880,1,0,1,0,@AluraOnline @ksriness Ué dá pra testar?
